{
  "1": [
    [
      6.200000002980232,
      301.29999999701977,
      1229.2000000029802,
      10.100000001490116
    ],
    [
      11.299999997019768,
      325.5,
      1018.6000000014901,
      8.5
    ],
    [
      3.2999999970197678,
      305.40000000596046,
      846.5,
      9.199999995529652
    ],
    [
      12.199999995529652,
      275.1000000014901,
      1049.3999999985099,
      10.100000001490116
    ],
    [
      10.200000002980232,
      325.09999999403954,
      1132.7000000029802,
      7
    ],
    [
      9.399999998509884,
      297.8999999985099,
      1143.7000000029802,
      7.0999999940395355
    ],
    [
      12.5,
      472.3999999985099,
      1131.3999999985099,
      7.200000002980232
    ],
    [
      8.900000005960464,
      353.59999999403954,
      972.4000000059605,
      7.0999999940395355
    ],
    [
      7.600000001490116,
      311.30000000447035,
      1105.3999999985099,
      6.199999995529652
    ],
    [
      7.399999998509884,
      1320.7000000029802,
      918.6000000014901,
      6.699999995529652
    ]
  ],
  "5": [
    [
      10.600000001490116,
      308.29999999701977,
      874.3999999985099,
      7.700000002980232
    ],
    [
      6.5,
      338.8999999985099,
      996,
      7.399999998509884
    ],
    [
      9,
      254.5,
      873.7000000029802,
      1.5999999940395355
    ],
    [
      6.899999998509884,
      324.90000000596046,
      936.3999999985099,
      7.299999997019768
    ],
    [
      6.5,
      291,
      917.8999999985099,
      7.600000001490116
    ],
    [
      6.700000002980232,
      363.6000000014901,
      959,
      6.299999997019768
    ],
    [
      7.200000002980232,
      280.79999999701977,
      1137.1000000014901,
      7.100000001490116
    ],
    [
      7.200000002980232,
      330.5,
      1091.6000000014901,
      9.199999995529652
    ],
    [
      6.5,
      317.1000000014901,
      1105,
      7
    ],
    [
      6.899999998509884,
      321.19999999552965,
      891.7000000029802,
      7.5
    ]
  ],
  "25": [
    [
      12.099999994039536,
      494,
      1037,
      10
    ],
    [
      13,
      538.7999999970198,
      1188.8000000044703,
      9.299999997019768
    ],
    [
      11.5,
      695,
      987.2999999970198,
      10.600000001490116
    ],
    [
      11.800000004470348,
      445.29999999701977,
      1005.1000000014901,
      9.600000001490116
    ],
    [
      13.799999997019768,
      1087.2000000029802,
      1147.8999999985099,
      10.200000002980232
    ],
    [
      11.399999998509884,
      678.1999999955297,
      1141.9000000059605,
      3.399999998509884
    ],
    [
      11.199999995529652,
      565.3000000044703,
      1275.1999999955297,
      8.700000002980232
    ],
    [
      14.899999998509884,
      513.1999999955297,
      1108,
      10.5
    ],
    [
      4.600000001490116,
      643.3999999985099,
      987.1000000014901,
      7.800000004470348
    ],
    [
      10.899999998509884,
      472.70000000298023,
      951.3999999985099,
      7.299999997019768
    ]
  ],
  "100": [
    [
      14.399999998509884,
      710.3999999985099,
      1376.3999999985099,
      16.400000005960464
    ],
    [
      10.900000005960464,
      848.5999999940395,
      1942,
      17.80000000447035
    ],
    [
      11.199999995529652,
      804.8000000044703,
      1749.2999999970198,
      16.5
    ],
    [
      25.299999997019768,
      681.2000000029802,
      1434,
      18.899999998509884
    ],
    [
      25,
      598.7000000029802,
      1909.3999999985099,
      18.69999999552965
    ],
    [
      23.5,
      888.1000000014901,
      931.8000000044703,
      17
    ],
    [
      24.80000000447035,
      772.5999999940395,
      1741.7000000029802,
      8.299999997019768
    ],
    [
      23.299999997019768,
      636.9000000059605,
      2097.5999999940395,
      17
    ],
    [
      23.899999998509884,
      662.3999999985099,
      1965.3000000044703,
      8.299999997019768
    ],
    [
      10.100000001490116,
      611.3999999985099,
      1850.8999999985099,
      14.600000001490116
    ]
  ],
  "500": [
    [
      52.399999998509884,
      1058.1000000014901,
      2008.6000000014901,
      47.399999998509884
    ],
    [
      53.899999998509884,
      1271.5,
      2675,
      39.899999998509884
    ],
    [
      31.200000002980232,
      1472.3999999985099,
      2020.3000000044703,
      24.099999994039536
    ],
    [
      50.099999994039536,
      1069.5,
      2268.8000000044703,
      29.299999997019768
    ],
    [
      42.899999998509884,
      1163.2999999970198,
      2177.7000000029802,
      42.5
    ],
    [
      56.29999999701977,
      2244,
      2617.39999999851,
      37.600000001490116
    ],
    [
      51.20000000298023,
      991.8999999985099,
      2475,
      40.399999998509884
    ],
    [
      50.70000000298023,
      951,
      2332.2000000029802,
      42.399999998509884
    ],
    [
      48.29999999701977,
      930.2000000029802,
      2573,
      42
    ],
    [
      52.29999999701977,
      1132.1000000014901,
      2058.60000000149,
      37.19999999552965
    ]
  ]
}
